{
  "lang":"en",
  "name":"pipeline",
  "version":"0.0.0",
  "spacy_version":">=3.0.0rc5,<3.1.0",
  "description":"",
  "author":"",
  "email":"",
  "url":"",
  "license":"",
  "spacy_git_version":"e8674c5c4",
  "vectors":{
    "width":0,
    "vectors":0,
    "keys":0,
    "name":null
  },
  "labels":{
    "tok2vec":[

    ],
    "relation_extractor":[
      "DEGREE_IN",
      "EXPERIENCE_IN"
    ]
  },
  "pipeline":[
    "tok2vec",
    "relation_extractor"
  ],
  "components":[
    "tok2vec",
    "relation_extractor"
  ],
  "disabled":[

  ],
  "performance":{
    "rel_micro_p":0.8965517241,
    "rel_micro_r":0.5473684211,
    "rel_micro_f":0.6797385621,
    "tok2vec_loss":0.001696501,
    "relation_extractor_loss":7.4894162262
  }
}